,Unnamed: 0,Num_Acc,date,an,mois,jour,hrmn,dep,com,lat,long,agg,int,col,lum,atm,catr,circ,nbv,prof,plan,lartpc,larrout,surf,infra,situ,grav,sexe,age,trajet,secuexist,equipement,obs,obsm,choc,manv,vehiculeid,typevehicules,manoeuvehicules,numVehicules
0,0,200500000030,2005-01-13,2005,janvier,jeudi,19:45,62,62331,50.3,2.84,2,1,3.0,5,1.0,3,2.0,0,-1.0,1.0,0,50,1.0,0.0,1.0,4,1,58.0,5.0,3,0,0.0,2.0,8.0,11.0,200500000030B02,18,17,1.0
1,1,200500000034,2005-01-19,2005,janvier,mercredi,10:45,62,62022,0.0,0.0,1,1,1.0,1,7.0,3,2.0,0,1.0,3.0,0,50,1.0,0.0,1.0,3,1,20.0,5.0,3,0,0.0,2.0,1.0,1.0,200500000034B02,10,15,1.0
2,2,200500000078,2005-01-26,2005,janvier,mercredi,13:15,02,02173,0.0,0.0,1,9,3.0,1,1.0,3,2.0,2,2.0,1.0,0,0,1.0,0.0,1.0,4,1,71.0,5.0,2,2,0.0,2.0,1.0,1.0,200500000078B02,7,15,1.0
3,3,200500000093,2005-01-03,2005,janvier,lundi,13:30,02,02810,49.255,3.094,2,1,1.0,1,1.0,3,2.0,0,1.0,2.0,0,52,1.0,0.0,1.0,3,2,51.0,4.0,3,0,0.0,2.0,3.0,21.0,200500000093B02,7,21,1.0
4,4,200500000170,2005-01-29,2005,janvier,samedi,18:30,76,76196,0.0,0.0,1,1,2.0,3,1.0,3,2.0,2,1.0,1.0,0,50,1.0,0.0,1.0,4,1,74.0,5.0,1,9,0.0,2.0,4.0,2.0,200500000170A01,10,2,1.0
5,5,200500000246,2005-01-23,2005,janvier,dimanche,18:00,35,35207,0.0,0.0,2,6,1.0,1,1.0,3,-1.0,0,1.0,-1.0,0,60,1.0,5.0,1.0,3,1,46.0,5.0,1,2,0.0,2.0,7.0,1.0,200500000246B02,7,0,1.0
6,6,200500000260,2005-01-04,2005,janvier,mardi,16:45,22,22143,48.59,-2.3,2,2,1.0,1,1.0,4,2.0,0,2.0,1.0,0,0,1.0,0.0,1.0,3,1,12.0,5.0,3,0,0.0,2.0,1.0,5.0,200500000260B02,7,1,1.0
7,7,200500000273,2005-01-05,2005,janvier,mercredi,17:30,29,29069,0.0,0.0,2,1,3.0,1,1.0,4,2.0,2,1.0,1.0,0,60,1.0,0.0,1.0,4,1,11.0,5.0,3,0,0.0,2.0,1.0,9.0,200500000273B02,7,1,1.0
8,8,200500000282,2005-01-08,2005,janvier,samedi,10:30,29,29027,0.0,0.0,1,1,1.0,1,1.0,3,2.0,2,-1.0,3.0,0,72,1.0,5.0,1.0,3,1,58.0,5.0,1,2,0.0,0.0,4.0,19.0,200500000282B02,7,1,1.0
9,9,200500000287,2005-01-13,2005,janvier,jeudi,15:00,29,29068,0.0,0.0,2,1,1.0,1,7.0,3,2.0,0,-1.0,1.0,0,70,1.0,0.0,1.0,4,1,76.0,0.0,1,2,0.0,2.0,1.0,1.0,200500000287B02,7,15,1.0
10,10,200500000291,2005-01-24,2005,janvier,lundi,17:30,56,56155,47.485,-2.467,2,1,3.0,1,1.0,4,2.0,1,1.0,1.0,0,0,1.0,0.0,1.0,4,1,61.0,0.0,1,2,0.0,2.0,3.0,15.0,200500000291B02,7,1,1.0
11,11,200500000295,2005-01-03,2005,janvier,lundi,17:30,56,56078,0.0,0.0,1,1,2.0,2,8.0,3,2.0,0,-1.0,-1.0,0,70,2.0,0.0,1.0,3,1,73.0,4.0,3,0,0.0,2.0,4.0,1.0,200500000295A01,5,1,1.0
12,12,200500000304,2005-01-02,2005,janvier,dimanche,09:30,14,14543,0.0,0.0,2,3,3.0,1,1.0,3,2.0,2,1.0,1.0,0,44,1.0,0.0,1.0,3,1,51.0,5.0,1,2,0.0,2.0,3.0,1.0,200500000304A01,7,16,1.0
13,13,200500000322,2005-01-05,2005,janvier,mercredi,22:15,14,14563,0.0,0.0,1,1,2.0,1,1.0,2,2.0,0,4.0,1.0,0,100,1.0,0.0,1.0,4,2,71.0,0.0,1,2,0.0,2.0,4.0,1.0,200500000322B02,7,1,1.0
14,14,200500000329,2005-01-04,2005,janvier,mardi,19:00,50,50213,49.086,-1.092,1,1,2.0,3,8.0,3,2.0,2,1.0,1.0,0,54,2.0,0.0,1.0,2,2,73.0,3.0,3,0,0.0,2.0,4.0,13.0,200500000329B02,7,2,1.0
15,15,200500000342,2005-01-12,2005,janvier,mercredi,15:45,50,50579,49.531,-1.594,2,1,1.0,1,1.0,4,1.0,0,2.0,1.0,0,32,1.0,0.0,1.0,3,1,54.0,5.0,1,2,0.0,2.0,0.0,1.0,200500000342A01,7,19,1.0
16,16,200500000345,2005-01-02,2005,janvier,dimanche,16:45,50,50178,49.687,-1.454,2,1,1.0,1,1.0,3,2.0,0,1.0,3.0,0,48,1.0,0.0,1.0,3,1,58.0,5.0,1,2,0.0,2.0,1.0,1.0,200500000345B02,7,15,1.0
17,17,200500000402,2005-01-10,2005,janvier,lundi,22:00,49,49307,47.419,-0.311,2,1,3.0,1,1.0,3,2.0,2,1.0,1.0,0,60,1.0,5.0,1.0,3,2,18.0,1.0,3,0,0.0,2.0,3.0,19.0,200500000402B02,7,1,1.0
18,18,200500000403,2005-01-12,2005,janvier,mercredi,15:30,49,49117,47.425,-0.451,1,1,2.0,1,1.0,3,2.0,2,1.0,1.0,0,105,1.0,0.0,1.0,3,1,56.0,5.0,1,2,0.0,2.0,4.0,1.0,200500000403B02,7,17,1.0
19,19,200500000438,2005-01-24,2005,janvier,lundi,12:15,72,72154,0.0,0.0,2,1,1.0,1,1.0,3,2.0,2,1.0,1.0,61,0,1.0,0.0,1.0,2,2,81.0,3.0,1,2,0.0,2.0,8.0,0.0,200500000438B02,7,9,1.0
20,20,200500000453,2005-01-03,2005,janvier,lundi,12:30,85,85001,46.338,-1.309,2,1,3.0,1,1.0,3,2.0,0,-1.0,1.0,0,60,1.0,0.0,1.0,3,1,81.0,3.0,3,0,0.0,9.0,2.0,15.0,200500000453A01,2,1,1.0
21,21,200500000471,2005-01-07,2005,janvier,vendredi,18:45,33,33162,0.0,0.0,2,9,2.0,5,1.0,4,2.0,0,-1.0,1.0,0,120,1.0,0.0,1.0,4,1,56.0,1.0,1,4,0.0,0.0,4.0,1.0,200500000471B02,7,1,1.0
22,22,200500000543,2005-01-04,2005,janvier,mardi,13:45,47,47209,0.0,0.0,2,1,1.0,1,1.0,4,2.0,2,2.0,1.0,0,55,1.0,0.0,1.0,4,1,75.0,5.0,3,0,12.0,0.0,0.0,1.0,200500000543B02,14,17,1.0
23,23,200500000553,2005-01-09,2005,janvier,dimanche,18:00,47,47305,0.0,0.0,1,1,2.0,2,1.0,3,2.0,2,1.0,1.0,0,56,1.0,0.0,1.0,2,2,44.0,5.0,1,2,0.0,0.0,4.0,1.0,200500000553B02,7,1,1.0
24,24,200500000563,2005-01-19,2005,janvier,mercredi,11:15,47,47310,44.405,0.299,2,1,6.0,1,2.0,2,2.0,0,-1.0,1.0,0,0,2.0,0.0,1.0,4,2,82.0,3.0,3,0,0.0,0.0,0.0,15.0,200500000563B02,,,
25,25,200500000585,2005-01-09,2005,janvier,dimanche,08:30,86,86297,0.0,0.0,1,1,2.0,3,1.0,3,-1.0,0,-1.0,1.0,0,57,1.0,0.0,1.0,3,1,50.0,5.0,3,0,0.0,0.0,4.0,11.0,200500000585B02,7,1,1.0
26,26,200500000623,2005-01-08,2005,janvier,samedi,09:15,17,17486,46.019,-1.352,2,1,1.0,1,8.0,4,2.0,2,1.0,1.0,56,0,2.0,0.0,1.0,4,2,81.0,3.0,3,0,0.0,2.0,3.0,15.0,200500000623B02,7,1,1.0
27,27,200500000744,2005-01-09,2005,janvier,dimanche,11:00,32,32244,43.678,-0.084,1,1,3.0,1,1.0,3,2.0,0,-1.0,1.0,0,70,1.0,0.0,1.0,3,1,34.0,5.0,1,2,0.0,0.0,7.0,1.0,200500000744B02,7,15,1.0
28,28,200500000748,2005-01-12,2005,janvier,mercredi,13:45,46,46251,0.0,0.0,2,1,3.0,1,1.0,4,4.0,1,1.0,3.0,0,80,1.0,0.0,1.0,3,1,80.0,0.0,3,0,0.0,2.0,1.0,0.0,200500000748B02,7,1,1.0
29,29,200500000800,2005-01-06,2005,janvier,jeudi,16:15,69,69074,46.012,4.65,1,2,1.0,1,9.0,3,2.0,2,2.0,3.0,0,0,2.0,5.0,1.0,3,1,52.0,5.0,3,0,0.0,2.0,1.0,1.0,200500000800B02,7,1,1.0
30,30,200500000811,2005-01-08,2005,janvier,samedi,15:30,69,69050,45.874,4.656,1,1,5.0,1,1.0,3,2.0,0,1.0,2.0,0,0,1.0,0.0,5.0,4,1,57.0,5.0,1,2,0.0,0.0,1.0,1.0,200500000811B02,5,13,1.0
31,31,200500000811,2005-01-08,2005,janvier,samedi,15:30,69,69050,45.874,4.656,1,1,5.0,1,1.0,3,2.0,0,1.0,2.0,0,0,1.0,0.0,5.0,4,1,49.0,5.0,1,2,0.0,0.0,1.0,1.0,200500000811C03,5,13,1.0
32,32,200500000844,2005-01-08,2005,janvier,samedi,15:30,07,07198,44.79,4.689,1,1,6.0,1,1.0,3,-1.0,0,-1.0,-1.0,0,0,-1.0,0.0,0.0,4,1,52.0,5.0,1,2,0.0,5.0,1.0,1.0,200500000844A01,,,
33,33,200500000874,2005-01-10,2005,janvier,lundi,17:00,38,38545,0.0,0.0,2,1,1.0,1,1.0,3,2.0,0,1.0,1.0,0,73,1.0,0.0,1.0,2,1,72.0,5.0,2,2,0.0,2.0,8.0,13.0,200500000874B02,7,1,1.0
34,34,200500000885,2005-01-22,2005,janvier,samedi,16:00,38,38332,45.346,5.489,1,1,1.0,1,2.0,3,2.0,2,2.0,2.0,0,0,2.0,0.0,1.0,3,1,42.0,5.0,1,2,0.0,2.0,1.0,1.0,200500000885B02,7,1,1.0
35,35,200500000920,2005-01-01,2005,janvier,samedi,14:00,42,42006,0.0,0.0,2,1,5.0,1,7.0,3,2.0,0,1.0,1.0,0,64,1.0,0.0,1.0,3,1,68.0,5.0,3,0,0.0,0.0,4.0,1.0,200500000920B02,7,1,1.0
36,36,200500000920,2005-01-01,2005,janvier,samedi,14:00,42,42006,0.0,0.0,2,1,5.0,1,7.0,3,2.0,0,1.0,1.0,0,64,1.0,0.0,1.0,4,2,52.0,5.0,0,2,0.0,0.0,4.0,0.0,200500000920C03,7,1,1.0
37,37,200500000953,2005-01-18,2005,janvier,mardi,12:00,74,74236,0.0,0.0,2,1,1.0,1,2.0,3,2.0,2,2.0,2.0,0,50,2.0,0.0,3.0,4,1,78.0,3.0,3,0,1.0,0.0,1.0,14.0,200500000953A01,7,24,1.0
38,38,200500001035,2005-01-19,2005,janvier,mercredi,18:15,57,57288,49.182,6.648,2,1,1.0,1,7.0,3,4.0,2,1.0,2.0,0,61,1.0,0.0,1.0,4,1,55.0,5.0,3,0,0.0,2.0,1.0,15.0,200500001035A01,7,1,1.0
39,39,200500001046,2005-01-28,2005,janvier,vendredi,15:15,57,57690,0.0,0.0,2,6,6.0,1,8.0,3,2.0,0,1.0,2.0,0,65,1.0,0.0,1.0,4,1,44.0,5.0,1,2,0.0,2.0,8.0,1.0,200500001046B02,7,0,1.0
40,40,200500001117,2005-01-04,2005,janvier,mardi,09:30,67,67345,48.786,7.867,2,1,1.0,1,1.0,4,2.0,2,1.0,1.0,0,60,1.0,0.0,1.0,4,2,81.0,5.0,3,0,0.0,2.0,1.0,15.0,200500001117B02,7,1,1.0
41,41,200500001129,2005-01-04,2005,janvier,mardi,19:45,67,67485,48.619,7.662,1,1,6.0,3,1.0,3,-1.0,2,2.0,1.0,0,69,1.0,0.0,1.0,4,1,32.0,5.0,3,0,0.0,2.0,4.0,2.0,200500001129B02,,,
42,42,200500001159,2005-01-10,2005,janvier,lundi,18:30,68,68154,47.783,7.369,2,1,3.0,5,1.0,3,3.0,0,1.0,1.0,0,120,1.0,5.0,1.0,3,1,51.0,1.0,1,2,0.0,0.0,8.0,19.0,200500001159B02,7,1,1.0
43,43,200500001174,2005-01-04,2005,janvier,mardi,15:45,51,51024,48.837,3.947,1,1,2.0,1,7.0,3,2.0,2,1.0,1.0,0,60,1.0,0.0,1.0,2,2,71.0,5.0,3,0,0.0,2.0,8.0,1.0,200500001174B02,18,1,1.0
44,44,200500001188,2005-01-29,2005,janvier,samedi,18:45,51,51048,49.134,3.853,1,1,6.0,3,1.0,3,2.0,0,1.0,1.0,0,41,1.0,0.0,1.0,2,1,15.0,5.0,2,9,0.0,0.0,0.0,0.0,200500001188A01,10,1,1.0
45,45,200500001213,2005-01-21,2005,janvier,vendredi,12:15,10,10231,48.509,3.455,1,1,1.0,1,1.0,2,2.0,2,1.0,1.0,0,71,1.0,0.0,1.0,3,2,21.0,3.0,3,0,3.0,0.0,8.0,2.0,200500001213A01,7,2,1.0
46,46,200500001215,2005-01-11,2005,janvier,mardi,08:30,10,10323,48.524,3.726,2,6,3.0,1,1.0,4,2.0,1,1.0,1.0,0,80,1.0,5.0,1.0,3,1,16.0,2.0,3,0,0.0,0.0,8.0,9.0,200500001215B02,7,2,1.0
47,47,200500001228,2005-01-04,2005,janvier,mardi,16:45,52,52490,48.46,5.174,2,1,1.0,1,1.0,4,2.0,0,-1.0,1.0,58,0,1.0,0.0,1.0,3,1,17.0,9.0,3,0,0.0,2.0,1.0,15.0,200500001228A01,7,1,1.0
48,48,200500001232,2005-01-21,2005,janvier,vendredi,17:45,52,52331,0.0,0.0,2,1,6.0,5,1.0,3,2.0,0,1.0,1.0,0,105,1.0,0.0,1.0,3,1,56.0,1.0,1,4,0.0,2.0,1.0,1.0,200500001232B02,7,15,1.0
49,49,200500001267,2005-01-17,2005,janvier,lundi,16:30,71,71428,0.0,0.0,1,9,3.0,1,1.0,3,2.0,2,2.0,1.0,0,64,1.0,0.0,1.0,4,1,75.0,5.0,3,0,0.0,2.0,1.0,1.0,200500001267B02,7,15,1.0
50,50,200500001307,2005-01-20,2005,janvier,jeudi,19:00,89,89440,48.028,3.259,1,1,6.0,3,1.0,3,2.0,2,-1.0,1.0,0,0,1.0,0.0,1.0,1,1,57.0,1.0,1,2,0.0,0.0,8.0,2.0,200500001307B02,,,
51,51,200500001307,2005-01-20,2005,janvier,jeudi,19:00,89,89440,48.028,3.259,1,1,6.0,3,1.0,3,2.0,2,-1.0,1.0,0,0,1.0,0.0,1.0,4,1,49.0,0.0,3,0,0.0,0.0,8.0,2.0,200500001307B02,,,
52,52,200500001313,2005-01-11,2005,janvier,mardi,15:45,25,25097,47.529,6.858,1,6,3.0,1,7.0,3,1.0,0,1.0,2.0,0,60,1.0,0.0,1.0,4,1,36.0,5.0,1,2,0.0,2.0,7.0,1.0,200500001313B02,7,16,1.0
53,53,200500001338,2005-01-26,2005,janvier,mercredi,13:30,70,70310,47.679,6.506,2,1,3.0,1,1.0,3,2.0,2,-1.0,1.0,0,61,1.0,0.0,1.0,3,1,57.0,1.0,3,0,0.0,2.0,8.0,15.0,200500001338B02,10,17,1.0
54,54,200500001438,2005-01-25,2005,janvier,mardi,18:45,83,83086,0.0,0.0,1,1,1.0,3,1.0,4,2.0,0,-1.0,1.0,0,0,2.0,0.0,1.0,4,1,54.0,0.0,1,9,0.0,2.0,1.0,1.0,200500001438B02,7,15,1.0
55,55,200500001468,2005-01-22,2005,janvier,samedi,14:45,84,84088,0.0,0.0,1,1,3.0,1,1.0,3,2.0,0,1.0,1.0,0,45,1.0,0.0,1.0,3,1,77.0,5.0,1,2,0.0,2.0,8.0,13.0,200500001468B02,7,17,1.0
56,56,200500001482,2005-01-18,2005,janvier,mardi,09:00,34,34145,0.0,0.0,2,9,3.0,1,1.0,9,-1.0,0,1.0,1.0,0,38,1.0,5.0,1.0,4,2,59.0,1.0,3,0,0.0,0.0,8.0,1.0,200500001482B02,7,5,1.0
57,57,200500001519,2005-01-30,2005,janvier,dimanche,14:00,11,11206,43.064,2.221,2,1,2.0,1,1.0,3,2.0,2,1.0,1.0,0,70,1.0,0.0,1.0,4,1,71.0,5.0,3,0,0.0,2.0,4.0,2.0,200500001519B02,7,2,1.0
58,58,200500001606,2005-01-13,2005,janvier,jeudi,11:30,78,78230,0.0,0.0,2,1,1.0,1,1.0,4,2.0,2,1.0,1.0,0,50,1.0,0.0,1.0,3,1,62.0,5.0,3,0,0.0,2.0,1.0,1.0,200500001606B02,7,1,1.0
59,59,200500001671,2005-01-04,2005,janvier,mardi,16:45,45,45082,0.0,0.0,1,1,3.0,1,1.0,4,2.0,2,1.0,-1.0,0,0,1.0,0.0,1.0,2,1,85.0,5.0,3,0,0.0,2.0,5.0,1.0,200500001671B02,7,1,1.0
60,60,200500001727,2005-01-03,2005,janvier,lundi,20:45,36,36034,47.259,1.61,1,1,1.0,3,5.0,3,2.0,2,1.0,1.0,0,50,1.0,0.0,1.0,3,1,54.0,0.0,3,0,0.0,2.0,8.0,0.0,200500001727B02,7,1,1.0
61,61,200500001930,2005-01-15,2005,janvier,samedi,15:15,95,95042,49.064,2.328,1,1,1.0,1,1.0,9,4.0,0,-1.0,1.0,0,0,1.0,0.0,5.0,1,1,59.0,5.0,3,0,0.0,0.0,4.0,1.0,200500001930B02,2,2,1.0
62,62,200500001943,2005-01-21,2005,janvier,vendredi,14:00,14,14008,0.0,0.0,1,1,2.0,1,1.0,3,2.0,0,1.0,1.0,0,60,1.0,0.0,1.0,3,1,75.0,5.0,1,2,0.0,0.0,6.0,2.0,200500001943B02,7,17,1.0
63,63,200500002018,2005-01-26,2005,janvier,mercredi,15:00,56,56097,47.763,-3.133,1,3,3.0,1,1.0,2,1.0,1,1.0,1.0,0,36,1.0,3.0,0.0,3,1,59.0,5.0,1,2,0.0,2.0,7.0,1.0,200500002018A01,7,15,1.0
64,64,200500002040,2005-01-18,2005,janvier,mardi,21:00,02,02691,0.0,0.0,2,1,3.0,5,2.0,4,2.0,2,1.0,1.0,0,93,2.0,0.0,1.0,3,1,16.0,5.0,3,4,0.0,2.0,7.0,15.0,200500002040A01,7,1,1.0
65,65,200500002047,2005-01-08,2005,janvier,samedi,11:50,03,03101,0.0,0.0,2,2,3.0,1,1.0,4,2.0,2,4.0,1.0,0,57,1.0,5.0,1.0,4,2,69.0,5.0,2,9,0.0,2.0,7.0,1.0,200500002047B01,7,1,1.0
66,66,200500002114,2005-01-12,2005,janvier,mercredi,09:20,06,06029,0.0,0.0,2,1,2.0,1,1.0,2,3.0,2,1.0,1.0,20,120,1.0,0.0,1.0,3,1,49.0,1.0,1,2,0.0,2.0,4.0,15.0,200500002114B01,2,21,1.0
67,67,200500002212,2005-01-11,2005,janvier,mardi,09:00,06,06088,0.0,0.0,2,1,2.0,1,1.0,4,2.0,3,1.0,1.0,0,77,1.0,0.0,1.0,4,1,39.0,9.0,3,2,0.0,2.0,1.0,2.0,200500002212A01,10,23,1.0
68,68,200500002215,2005-01-11,2005,janvier,mardi,13:30,06,06088,0.0,0.0,2,2,3.0,1,1.0,4,1.0,1,1.0,1.0,0,91,1.0,0.0,1.0,4,1,33.0,1.0,3,9,0.0,2.0,1.0,1.0,200500002215B01,7,1,1.0
69,69,200500002238,2005-01-16,2005,janvier,dimanche,09:10,06,06088,0.0,0.0,2,1,2.0,1,1.0,2,3.0,3,1.0,1.0,48,93,1.0,0.0,1.0,3,1,65.0,5.0,1,2,0.0,2.0,4.0,1.0,200500002238B01,7,1,1.0
70,70,200500002268,2005-01-22,2005,janvier,samedi,16:45,06,06088,0.0,0.0,2,1,2.0,1,1.0,4,3.0,4,1.0,1.0,40,140,1.0,3.0,1.0,4,1,54.0,5.0,1,2,0.0,2.0,4.0,2.0,200500002268B01,7,2,1.0
71,71,200500002302,2005-01-09,2005,janvier,dimanche,11:35,07,07281,0.0,0.0,2,1,1.0,1,1.0,3,2.0,2,2.0,4.0,0,80,2.0,2.0,1.0,3,1,26.0,5.0,1,2,0.0,2.0,1.0,13.0,200500002302A01,7,2,1.0
72,72,200500002308,2005-01-15,2005,janvier,samedi,19:40,08,08105,0.0,0.0,2,5,3.0,5,1.0,3,2.0,2,1.0,3.0,0,80,1.0,0.0,1.0,3,1,17.0,5.0,3,4,0.0,2.0,1.0,1.0,200500002308A01,7,15,1.0
73,73,200500002315,2005-01-11,2005,janvier,mardi,13:05,10,10387,0.0,0.0,2,3,3.0,1,1.0,2,2.0,4,1.0,1.0,0,120,1.0,0.0,1.0,4,1,29.0,5.0,3,4,0.0,2.0,7.0,15.0,200500002315A01,7,1,1.0
74,74,200500002332,2005-01-26,2005,janvier,mercredi,13:20,12,12145,0.0,0.0,2,3,6.0,1,1.0,4,2.0,2,2.0,1.0,0,0,1.0,5.0,4.0,1,1,23.0,1.0,2,2,0.0,1.0,1.0,21.0,200500002332A01,,,
75,75,200500002336,2005-01-05,2005,janvier,mercredi,18:55,13,13001,0.0,0.0,2,1,3.0,5,1.0,4,3.0,4,1.0,1.0,40,140,1.0,0.0,1.0,4,1,17.0,9.0,3,2,0.0,2.0,1.0,19.0,200500002336A01,7,1,1.0
76,76,200500002348,2005-01-28,2005,janvier,vendredi,12:20,13,13001,0.0,0.0,2,1,6.0,1,1.0,4,4.0,3,2.0,1.0,0,83,1.0,0.0,1.0,4,1,33.0,4.0,1,2,0.0,2.0,7.0,17.0,200500002348B01,7,15,1.0
77,77,200500002348,2005-01-28,2005,janvier,vendredi,12:20,13,13001,0.0,0.0,2,1,6.0,1,1.0,4,4.0,3,2.0,1.0,0,83,1.0,0.0,1.0,3,1,20.0,4.0,1,2,0.0,2.0,1.0,17.0,200500002348C01,7,15,1.0
78,78,200500002359,2005-01-31,2005,janvier,lundi,11:42,13,13005,0.0,0.0,2,1,2.0,1,1.0,3,2.0,2,1.0,1.0,0,40,1.0,5.0,1.0,3,1,83.0,5.0,3,9,0.0,2.0,0.0,1.0,200500002359B01,7,0,1.0
79,79,200500002439,2005-01-10,2005,janvier,lundi,16:25,13,13055,0.0,0.0,2,1,3.0,1,1.0,4,1.0,1,1.0,1.0,0,52,2.0,2.0,1.0,3,1,14.0,5.0,2,2,0.0,2.0,1.0,19.0,200500002439B01,7,1,1.0
80,80,200500002450,2005-01-14,2005,janvier,vendredi,17:30,13,13055,0.0,0.0,2,1,3.0,2,1.0,4,2.0,2,1.0,1.0,0,0,1.0,0.0,1.0,3,1,15.0,5.0,3,9,0.0,2.0,1.0,1.0,200500002450B01,7,0,1.0
81,81,200500002622,2005-01-05,2005,janvier,mercredi,13:35,13,13039,0.0,0.0,2,1,2.0,1,1.0,4,2.0,2,1.0,2.0,0,0,1.0,0.0,1.0,3,1,16.0,2.0,1,2,1.0,0.0,1.0,2.0,200500002622B01,10,24,1.0
82,82,200500002647,2005-01-04,2005,janvier,mardi,15:10,14,14118,0.0,0.0,2,1,6.0,1,1.0,4,2.0,2,1.0,-1.0,0,50,1.0,0.0,1.0,4,2,45.0,9.0,1,4,0.0,0.0,7.0,1.0,200500002647B01,7,9,1.0
83,83,200500002670,2005-01-12,2005,janvier,mercredi,18:10,14,14333,0.0,0.0,2,9,3.0,5,1.0,4,3.0,2,1.0,1.0,0,72,1.0,0.0,1.0,3,1,28.0,3.0,2,9,0.0,2.0,1.0,21.0,200500002670B01,2,15,1.0
84,84,200500002686,2005-01-18,2005,janvier,mardi,07:20,17,17299,0.0,0.0,2,6,3.0,5,2.0,4,2.0,2,1.0,1.0,10,101,2.0,5.0,1.0,3,1,52.0,1.0,1,9,0.0,2.0,5.0,19.0,200500002686B01,7,19,1.0
85,85,200500002691,2005-01-06,2005,janvier,jeudi,07:55,17,17300,0.0,0.0,2,1,3.0,5,1.0,4,1.0,2,1.0,1.0,0,80,2.0,0.0,1.0,4,1,31.0,1.0,3,9,0.0,2.0,5.0,19.0,200500002691B01,2,2,1.0
86,86,200500002696,2005-01-10,2005,janvier,lundi,18:45,17,17300,0.0,0.0,2,1,6.0,5,1.0,4,1.0,1,1.0,1.0,0,0,1.0,0.0,1.0,4,2,21.0,2.0,3,9,1.0,0.0,1.0,1.0,200500002696A01,,,
87,87,200500002725,2005-01-10,2005,janvier,lundi,10:00,17,17415,0.0,0.0,2,6,2.0,1,7.0,2,4.0,2,1.0,1.0,0,80,1.0,5.0,1.0,4,1,57.0,5.0,1,4,0.0,2.0,4.0,1.0,200500002725B01,10,2,1.0
88,88,200500002774,2005-01-05,2005,janvier,mercredi,07:40,21,21231,0.0,0.0,2,2,3.0,5,1.0,4,3.0,5,1.0,1.0,10,94,2.0,5.0,1.0,4,1,42.0,1.0,2,9,0.0,2.0,1.0,15.0,200500002774A01,7,5,1.0
89,89,200500002786,2005-01-14,2005,janvier,vendredi,14:00,21,21231,0.0,0.0,2,6,3.0,1,1.0,2,1.0,2,1.0,2.0,0,90,1.0,5.0,1.0,4,1,46.0,5.0,3,9,0.0,2.0,6.0,9.0,200500002786A01,7,1,1.0
90,90,200500002793,2005-01-17,2005,janvier,lundi,19:35,21,21231,0.0,0.0,2,2,3.0,5,1.0,4,2.0,2,1.0,1.0,0,66,1.0,0.0,1.0,3,1,28.0,0.0,2,2,0.0,2.0,1.0,1.0,200500002793A01,7,1,1.0
91,91,200500002800,2005-01-22,2005,janvier,samedi,10:10,21,21231,0.0,0.0,2,2,6.0,1,1.0,4,2.0,2,2.0,1.0,0,68,2.0,5.0,1.0,4,1,34.0,4.0,2,9,0.0,2.0,7.0,19.0,200500002800B01,7,15,1.0
92,92,200500002819,2005-01-04,2005,janvier,mardi,12:00,24,24322,0.0,0.0,2,3,6.0,1,1.0,3,2.0,2,1.0,3.0,0,81,1.0,5.0,1.0,3,1,68.0,3.0,2,9,0.0,2.0,1.0,1.0,200500002819B01,7,15,1.0
93,93,200500002848,2005-01-07,2005,janvier,vendredi,20:00,25,25539,0.0,0.0,2,6,3.0,5,1.0,3,2.0,2,3.0,1.0,0,60,1.0,5.0,1.0,3,1,18.0,5.0,2,9,0.0,2.0,6.0,19.0,200500002848A01,7,9,1.0
94,94,200500002849,2005-01-15,2005,janvier,samedi,10:20,25,25388,0.0,0.0,2,1,3.0,1,1.0,3,2.0,4,1.0,1.0,0,0,7.0,0.0,1.0,4,1,49.0,5.0,1,2,0.0,2.0,1.0,1.0,200500002849B01,7,16,1.0
95,95,200500002876,2005-01-15,2005,janvier,samedi,18:00,26,26281,0.0,0.0,2,6,3.0,5,1.0,4,2.0,2,1.0,1.0,0,60,1.0,0.0,1.0,4,1,14.0,5.0,2,2,0.0,2.0,1.0,1.0,200500002876B01,7,9,1.0
96,96,200500002880,2005-01-19,2005,janvier,mercredi,12:10,26,26281,0.0,0.0,2,1,1.0,1,8.0,4,2.0,2,1.0,1.0,0,0,1.0,0.0,1.0,4,1,17.0,2.0,2,2,0.0,2.0,1.0,17.0,200500002880A01,7,1,1.0
97,97,200500002886,2005-01-10,2005,janvier,lundi,09:40,26,26362,0.0,0.0,2,6,3.0,1,1.0,4,2.0,2,1.0,1.0,0,60,1.0,5.0,1.0,3,2,76.0,5.0,3,9,0.0,2.0,8.0,2.0,200500002886B01,7,2,1.0
98,98,200500002890,2005-01-10,2005,janvier,lundi,06:30,26,26362,0.0,0.0,2,6,3.0,5,2.0,2,1.0,2,1.0,2.0,0,120,2.0,0.0,1.0,3,1,22.0,1.0,3,4,0.0,2.0,1.0,2.0,200500002890B01,7,9,1.0
99,99,200500002898,2005-01-31,2005,janvier,lundi,18:00,26,26362,0.0,0.0,2,1,3.0,5,1.0,4,2.0,2,1.0,1.0,0,60,1.0,0.0,1.0,3,1,44.0,1.0,3,4,0.0,2.0,1.0,2.0,200500002898B01,7,15,1.0
