,accident_id,date,year,month,day,time,injury_severity,gender,age,safety_equipment_exists,safety_equipment_used,vehicle_id,vehicle_type,vehicle_maneuver,vehicle_number
0,200500000030,2005-01-13,2005,January,Thursday,19:45,Lightly Wounded,Male,58.0,Not Determinable,None/Not Applicable,200500000030B02,18,17,1.0
1,200500000034,2005-01-19,2005,January,Wednesday,10:45,Hospitalized Wounded,Male,20.0,Not Determinable,None/Not Applicable,200500000034B02,10,15,1.0
2,200500000078,2005-01-26,2005,January,Wednesday,13:15,Lightly Wounded,Male,71.0,No,Helmet,200500000078B02,7,15,1.0
3,200500000093,2005-01-03,2005,January,Monday,13:30,Hospitalized Wounded,Female,51.0,Not Determinable,None/Not Applicable,200500000093B02,7,21,1.0
4,200500000170,2005-01-29,2005,January,Saturday,18:30,Lightly Wounded,Male,74.0,Yes,Other,200500000170A01,10,2,1.0
5,200500000246,2005-01-23,2005,January,Sunday,18:00,Hospitalized Wounded,Male,46.0,Yes,Helmet,200500000246B02,7,0,1.0
6,200500000260,2005-01-04,2005,January,Tuesday,16:45,Hospitalized Wounded,Male,12.0,Not Determinable,None/Not Applicable,200500000260B02,7,1,1.0
7,200500000273,2005-01-05,2005,January,Wednesday,17:30,Lightly Wounded,Male,11.0,Not Determinable,None/Not Applicable,200500000273B02,7,1,1.0
8,200500000282,2005-01-08,2005,January,Saturday,10:30,Hospitalized Wounded,Male,58.0,Yes,Helmet,200500000282B02,7,1,1.0
9,200500000287,2005-01-13,2005,January,Thursday,15:00,Lightly Wounded,Male,76.0,Yes,Helmet,200500000287B02,7,15,1.0
10,200500000291,2005-01-24,2005,January,Monday,17:30,Lightly Wounded,Male,61.0,Yes,Helmet,200500000291B02,7,1,1.0
11,200500000295,2005-01-03,2005,January,Monday,17:30,Hospitalized Wounded,Male,73.0,Not Determinable,None/Not Applicable,200500000295A01,5,1,1.0
12,200500000304,2005-01-02,2005,January,Sunday,09:30,Hospitalized Wounded,Male,51.0,Yes,Helmet,200500000304A01,7,16,1.0
13,200500000322,2005-01-05,2005,January,Wednesday,22:15,Lightly Wounded,Female,71.0,Yes,Helmet,200500000322B02,7,1,1.0
14,200500000329,2005-01-04,2005,January,Tuesday,19:00,Killed,Female,73.0,Not Determinable,None/Not Applicable,200500000329B02,7,2,1.0
15,200500000342,2005-01-12,2005,January,Wednesday,15:45,Hospitalized Wounded,Male,54.0,Yes,Helmet,200500000342A01,7,19,1.0
16,200500000345,2005-01-02,2005,January,Sunday,16:45,Hospitalized Wounded,Male,58.0,Yes,Helmet,200500000345B02,7,15,1.0
17,200500000402,2005-01-10,2005,January,Monday,22:00,Hospitalized Wounded,Female,18.0,Not Determinable,None/Not Applicable,200500000402B02,7,1,1.0
18,200500000403,2005-01-12,2005,January,Wednesday,15:30,Hospitalized Wounded,Male,56.0,Yes,Helmet,200500000403B02,7,17,1.0
19,200500000438,2005-01-24,2005,January,Monday,12:15,Killed,Female,81.0,Yes,Helmet,200500000438B02,7,9,1.0
20,200500000453,2005-01-03,2005,January,Monday,12:30,Hospitalized Wounded,Male,81.0,Not Determinable,None/Not Applicable,200500000453A01,2,1,1.0
21,200500000471,2005-01-07,2005,January,Friday,18:45,Lightly Wounded,Male,56.0,Yes,Reflective Vest,200500000471B02,7,1,1.0
22,200500000543,2005-01-04,2005,January,Tuesday,13:45,Lightly Wounded,Male,75.0,Not Determinable,None/Not Applicable,200500000543B02,14,17,1.0
23,200500000553,2005-01-09,2005,January,Sunday,18:00,Killed,Female,44.0,Yes,Helmet,200500000553B02,7,1,1.0
24,200500000563,2005-01-19,2005,January,Wednesday,11:15,Lightly Wounded,Female,82.0,Not Determinable,None/Not Applicable,200500000563B02,,,
25,200500000585,2005-01-09,2005,January,Sunday,08:30,Hospitalized Wounded,Male,50.0,Not Determinable,None/Not Applicable,200500000585B02,7,1,1.0
26,200500000623,2005-01-08,2005,January,Saturday,09:15,Lightly Wounded,Female,81.0,Not Determinable,None/Not Applicable,200500000623B02,7,1,1.0
27,200500000744,2005-01-09,2005,January,Sunday,11:00,Hospitalized Wounded,Male,34.0,Yes,Helmet,200500000744B02,7,15,1.0
28,200500000748,2005-01-12,2005,January,Wednesday,13:45,Hospitalized Wounded,Male,80.0,Not Determinable,None/Not Applicable,200500000748B02,7,1,1.0
29,200500000800,2005-01-06,2005,January,Thursday,16:15,Hospitalized Wounded,Male,52.0,Not Determinable,None/Not Applicable,200500000800B02,7,1,1.0
30,200500000811,2005-01-08,2005,January,Saturday,15:30,Lightly Wounded,Male,57.0,Yes,Helmet,200500000811B02,5,13,1.0
31,200500000811,2005-01-08,2005,January,Saturday,15:30,Lightly Wounded,Male,49.0,Yes,Helmet,200500000811C03,5,13,1.0
32,200500000844,2005-01-08,2005,January,Saturday,15:30,Lightly Wounded,Male,52.0,Yes,Helmet,200500000844A01,,,
33,200500000874,2005-01-10,2005,January,Monday,17:00,Killed,Male,72.0,No,Helmet,200500000874B02,7,1,1.0
34,200500000885,2005-01-22,2005,January,Saturday,16:00,Hospitalized Wounded,Male,42.0,Yes,Helmet,200500000885B02,7,1,1.0
35,200500000920,2005-01-01,2005,January,Saturday,14:00,Hospitalized Wounded,Male,68.0,Not Determinable,None/Not Applicable,200500000920B02,7,1,1.0
36,200500000920,2005-01-01,2005,January,Saturday,14:00,Lightly Wounded,Female,52.0,Not Applicable,Helmet,200500000920C03,7,1,1.0
37,200500000953,2005-01-18,2005,January,Tuesday,12:00,Lightly Wounded,Male,78.0,Not Determinable,None/Not Applicable,200500000953A01,7,24,1.0
38,200500001035,2005-01-19,2005,January,Wednesday,18:15,Lightly Wounded,Male,55.0,Not Determinable,None/Not Applicable,200500001035A01,7,1,1.0
39,200500001046,2005-01-28,2005,January,Friday,15:15,Lightly Wounded,Male,44.0,Yes,Helmet,200500001046B02,7,0,1.0
40,200500001117,2005-01-04,2005,January,Tuesday,09:30,Lightly Wounded,Female,81.0,Not Determinable,None/Not Applicable,200500001117B02,7,1,1.0
41,200500001129,2005-01-04,2005,January,Tuesday,19:45,Lightly Wounded,Male,32.0,Not Determinable,None/Not Applicable,200500001129B02,,,
42,200500001159,2005-01-10,2005,January,Monday,18:30,Hospitalized Wounded,Male,51.0,Yes,Helmet,200500001159B02,7,1,1.0
43,200500001174,2005-01-04,2005,January,Tuesday,15:45,Killed,Female,71.0,Not Determinable,None/Not Applicable,200500001174B02,18,1,1.0
44,200500001188,2005-01-29,2005,January,Saturday,18:45,Killed,Male,15.0,No,Other,200500001188A01,10,1,1.0
45,200500001213,2005-01-21,2005,January,Friday,12:15,Hospitalized Wounded,Female,21.0,Not Determinable,None/Not Applicable,200500001213A01,7,2,1.0
46,200500001215,2005-01-11,2005,January,Tuesday,08:30,Hospitalized Wounded,Male,16.0,Not Determinable,None/Not Applicable,200500001215B02,7,2,1.0
47,200500001228,2005-01-04,2005,January,Tuesday,16:45,Hospitalized Wounded,Male,17.0,Not Determinable,None/Not Applicable,200500001228A01,7,1,1.0
48,200500001232,2005-01-21,2005,January,Friday,17:45,Hospitalized Wounded,Male,56.0,Yes,Reflective Vest,200500001232B02,7,15,1.0
49,200500001267,2005-01-17,2005,January,Monday,16:30,Lightly Wounded,Male,75.0,Not Determinable,None/Not Applicable,200500001267B02,7,15,1.0
50,200500001307,2005-01-20,2005,January,Thursday,19:00,Unharmed,Male,57.0,Yes,Helmet,200500001307B02,,,
51,200500001307,2005-01-20,2005,January,Thursday,19:00,Lightly Wounded,Male,49.0,Not Determinable,None/Not Applicable,200500001307B02,,,
52,200500001313,2005-01-11,2005,January,Tuesday,15:45,Lightly Wounded,Male,36.0,Yes,Helmet,200500001313B02,7,16,1.0
53,200500001338,2005-01-26,2005,January,Wednesday,13:30,Hospitalized Wounded,Male,57.0,Not Determinable,None/Not Applicable,200500001338B02,10,17,1.0
54,200500001438,2005-01-25,2005,January,Tuesday,18:45,Lightly Wounded,Male,54.0,Yes,Other,200500001438B02,7,15,1.0
55,200500001468,2005-01-22,2005,January,Saturday,14:45,Hospitalized Wounded,Male,77.0,Yes,Helmet,200500001468B02,7,17,1.0
56,200500001482,2005-01-18,2005,January,Tuesday,09:00,Lightly Wounded,Female,59.0,Not Determinable,None/Not Applicable,200500001482B02,7,5,1.0
57,200500001519,2005-01-30,2005,January,Sunday,14:00,Lightly Wounded,Male,71.0,Not Determinable,None/Not Applicable,200500001519B02,7,2,1.0
58,200500001606,2005-01-13,2005,January,Thursday,11:30,Hospitalized Wounded,Male,62.0,Not Determinable,None/Not Applicable,200500001606B02,7,1,1.0
59,200500001671,2005-01-04,2005,January,Tuesday,16:45,Killed,Male,85.0,Not Determinable,None/Not Applicable,200500001671B02,7,1,1.0
60,200500001727,2005-01-03,2005,January,Monday,20:45,Hospitalized Wounded,Male,54.0,Not Determinable,None/Not Applicable,200500001727B02,7,1,1.0
61,200500001930,2005-01-15,2005,January,Saturday,15:15,Unharmed,Male,59.0,Not Determinable,None/Not Applicable,200500001930B02,2,2,1.0
62,200500001943,2005-01-21,2005,January,Friday,14:00,Hospitalized Wounded,Male,75.0,Yes,Helmet,200500001943B02,7,17,1.0
63,200500002018,2005-01-26,2005,January,Wednesday,15:00,Hospitalized Wounded,Male,59.0,Yes,Helmet,200500002018A01,7,15,1.0
64,200500002040,2005-01-18,2005,January,Tuesday,21:00,Hospitalized Wounded,Male,16.0,Not Determinable,Reflective Vest,200500002040A01,7,1,1.0
65,200500002047,2005-01-08,2005,January,Saturday,11:50,Lightly Wounded,Female,69.0,No,Other,200500002047B01,7,1,1.0
66,200500002114,2005-01-12,2005,January,Wednesday,09:20,Hospitalized Wounded,Male,49.0,Yes,Helmet,200500002114B01,2,21,1.0
67,200500002212,2005-01-11,2005,January,Tuesday,09:00,Lightly Wounded,Male,39.0,Not Determinable,Helmet,200500002212A01,10,23,1.0
68,200500002215,2005-01-11,2005,January,Tuesday,13:30,Lightly Wounded,Male,33.0,Not Determinable,Other,200500002215B01,7,1,1.0
69,200500002238,2005-01-16,2005,January,Sunday,09:10,Hospitalized Wounded,Male,65.0,Yes,Helmet,200500002238B01,7,1,1.0
70,200500002268,2005-01-22,2005,January,Saturday,16:45,Lightly Wounded,Male,54.0,Yes,Helmet,200500002268B01,7,2,1.0
71,200500002302,2005-01-09,2005,January,Sunday,11:35,Hospitalized Wounded,Male,26.0,Yes,Helmet,200500002302A01,7,2,1.0
72,200500002308,2005-01-15,2005,January,Saturday,19:40,Hospitalized Wounded,Male,17.0,Not Determinable,Reflective Vest,200500002308A01,7,15,1.0
73,200500002315,2005-01-11,2005,January,Tuesday,13:05,Lightly Wounded,Male,29.0,Not Determinable,Reflective Vest,200500002315A01,7,1,1.0
74,200500002332,2005-01-26,2005,January,Wednesday,13:20,Unharmed,Male,23.0,No,Helmet,200500002332A01,,,
75,200500002336,2005-01-05,2005,January,Wednesday,18:55,Lightly Wounded,Male,17.0,Not Determinable,Helmet,200500002336A01,7,1,1.0
76,200500002348,2005-01-28,2005,January,Friday,12:20,Lightly Wounded,Male,33.0,Yes,Helmet,200500002348B01,7,15,1.0
77,200500002348,2005-01-28,2005,January,Friday,12:20,Hospitalized Wounded,Male,20.0,Yes,Helmet,200500002348C01,7,15,1.0
78,200500002359,2005-01-31,2005,January,Monday,11:42,Hospitalized Wounded,Male,83.0,Not Determinable,Other,200500002359B01,7,0,1.0
79,200500002439,2005-01-10,2005,January,Monday,16:25,Hospitalized Wounded,Male,14.0,No,Helmet,200500002439B01,7,1,1.0
80,200500002450,2005-01-14,2005,January,Friday,17:30,Hospitalized Wounded,Male,15.0,Not Determinable,Other,200500002450B01,7,0,1.0
81,200500002622,2005-01-05,2005,January,Wednesday,13:35,Hospitalized Wounded,Male,16.0,Yes,Helmet,200500002622B01,10,24,1.0
82,200500002647,2005-01-04,2005,January,Tuesday,15:10,Lightly Wounded,Female,45.0,Yes,Reflective Vest,200500002647B01,7,9,1.0
83,200500002670,2005-01-12,2005,January,Wednesday,18:10,Hospitalized Wounded,Male,28.0,No,Other,200500002670B01,2,15,1.0
84,200500002686,2005-01-18,2005,January,Tuesday,07:20,Hospitalized Wounded,Male,52.0,Yes,Other,200500002686B01,7,19,1.0
85,200500002691,2005-01-06,2005,January,Thursday,07:55,Lightly Wounded,Male,31.0,Not Determinable,Other,200500002691B01,2,2,1.0
86,200500002696,2005-01-10,2005,January,Monday,18:45,Lightly Wounded,Female,21.0,Not Determinable,Other,200500002696A01,,,
87,200500002725,2005-01-10,2005,January,Monday,10:00,Lightly Wounded,Male,57.0,Yes,Reflective Vest,200500002725B01,10,2,1.0
88,200500002774,2005-01-05,2005,January,Wednesday,07:40,Lightly Wounded,Male,42.0,No,Other,200500002774A01,7,5,1.0
89,200500002786,2005-01-14,2005,January,Friday,14:00,Lightly Wounded,Male,46.0,Not Determinable,Other,200500002786A01,7,1,1.0
90,200500002793,2005-01-17,2005,January,Monday,19:35,Hospitalized Wounded,Male,28.0,No,Helmet,200500002793A01,7,1,1.0
91,200500002800,2005-01-22,2005,January,Saturday,10:10,Lightly Wounded,Male,34.0,No,Other,200500002800B01,7,15,1.0
92,200500002819,2005-01-04,2005,January,Tuesday,12:00,Hospitalized Wounded,Male,68.0,No,Other,200500002819B01,7,15,1.0
93,200500002848,2005-01-07,2005,January,Friday,20:00,Hospitalized Wounded,Male,18.0,No,Other,200500002848A01,7,9,1.0
94,200500002849,2005-01-15,2005,January,Saturday,10:20,Lightly Wounded,Male,49.0,Yes,Helmet,200500002849B01,7,16,1.0
95,200500002876,2005-01-15,2005,January,Saturday,18:00,Lightly Wounded,Male,14.0,No,Helmet,200500002876B01,7,9,1.0
96,200500002880,2005-01-19,2005,January,Wednesday,12:10,Lightly Wounded,Male,17.0,No,Helmet,200500002880A01,7,1,1.0
97,200500002886,2005-01-10,2005,January,Monday,09:40,Hospitalized Wounded,Female,76.0,Not Determinable,Other,200500002886B01,7,2,1.0
98,200500002890,2005-01-10,2005,January,Monday,06:30,Hospitalized Wounded,Male,22.0,Not Determinable,Reflective Vest,200500002890B01,7,9,1.0
99,200500002898,2005-01-31,2005,January,Monday,18:00,Hospitalized Wounded,Male,44.0,Not Determinable,Reflective Vest,200500002898B01,7,15,1.0
